{"cameraMode":{"drawMode":0,"name":"Shaded","section":"Shading Mode"},"sceneLighting":true,"audioPlay":false,"sceneViewState":{"showFog":true,"showMaterialUpdate":false,"showSkybox":true,"showFlares":true,"showImageEffects":true,"showParticleSystems":true},"in2DMode":false,"pivot":{"x":0.1670093536376953,"y":-1.8198039531707764,"z":-0.0295097753405571},"rotation":{"x":-0.14821352064609528,"y":0.8506374359130859,"z":-0.3318888247013092,"w":-0.3798709809780121},"size":14.445748329162598,"orthographic":true}